{"cameraMode":{"drawMode":0,"name":"Shaded","section":"Shading Mode"},"sceneLighting":true,"audioPlay":false,"sceneViewState":{"m_AlwaysRefresh":false,"showFog":true,"showSkybox":true,"showFlares":true,"showImageEffects":true,"showParticleSystems":true,"showVisualEffectGraphs":true,"m_FxEnabled":true},"in2DMode":false,"pivot":{"x":1.9653267860412598,"y":0.861943244934082,"z":0.24799442291259767},"rotation":{"x":0.1137530729174614,"y":0.0014902068069204689,"z":-0.00017061889229808003,"w":0.9935072064399719},"size":3.663043260574341,"orthographic":false}