{"cameraMode":{"drawMode":0,"name":"Shaded","section":"Shading Mode"},"sceneLighting":true,"audioPlay":false,"sceneViewState":{"m_AlwaysRefresh":false,"showFog":true,"showSkybox":true,"showFlares":true,"showImageEffects":true,"showParticleSystems":true,"showVisualEffectGraphs":true,"m_FxEnabled":true},"in2DMode":false,"pivot":{"x":580.2694702148438,"y":65.52081298828125,"z":14.44659423828125},"rotation":{"x":-0.047977957874536517,"y":0.012281915172934533,"z":-0.0005899974494241178,"w":-0.9987740516662598},"size":279.6899108886719,"orthographic":false}